{"cameraMode":{"drawMode":0,"name":"Shaded","section":"Shading Mode"},"sceneLighting":false,"audioPlay":false,"sceneViewState":{"m_AlwaysRefresh":false,"showFog":true,"showSkybox":false,"showFlares":true,"showImageEffects":true,"showParticleSystems":true,"showVisualEffectGraphs":true,"m_FxEnabled":true},"in2DMode":false,"pivot":{"x":-0.20514625310897828,"y":0.007392764091491699,"z":0.623681902885437},"rotation":{"x":0.05295955762267113,"y":-0.9367607831954956,"z":0.16234278678894044,"w":0.30555078387260439},"size":0.42168229818344118,"orthographic":false}