{"cameraMode":{"drawMode":0,"name":"Shaded","section":"Shading Mode"},"sceneLighting":false,"audioPlay":false,"sceneViewState":{"m_AlwaysRefresh":false,"showFog":true,"showSkybox":false,"showFlares":true,"showImageEffects":true,"showParticleSystems":true,"showVisualEffectGraphs":true,"m_FxEnabled":true},"in2DMode":false,"pivot":{"x":0.0037552695721387865,"y":-0.027081318199634553,"z":-0.001803562045097351},"rotation":{"x":-0.04871516302227974,"y":0.08231212943792343,"z":0.004026967100799084,"w":0.9954293370246887},"size":0.030117079615592958,"orthographic":false}